{
  "session_id": "20250728_155032",
  "timestamp": "2025-07-28T15:53:43.064397",
  "target_views": 5,
  "completed_views": 4,
  "failed_views": 1,
  "success_rate": 80.0,
  "total_time_minutes": 3.176576781272888,
  "views_per_minute": 1.2592171621921753,
  "tor_instances_used": 2
}